<monitor>
    <name>FileWatcher</name>
    <type>managed</type>
    <description>FileWatcher</description>
    <monitor-configuration></monitor-configuration>
    <monitor-run-task>
        <execution-style>periodic</execution-style>
        <execution-frequency-in-seconds>60</execution-frequency-in-seconds>
        <name>FileWatcher Run Task</name>
        <display-name>FileWatcher Task</display-name>
        <description>FileWatcher Task</description>
        <type>java</type>
        <execution-timeout-in-secs>60</execution-timeout-in-secs>
        <task-arguments>
            <!-- config file-->
            <argument name="config-file" is-required="true" default-value="monitors/FileWatcher/config.yml" />
            <argument name="log-prefix" is-required="false" default-value="[FileWatcherAppDExt] " />
        </task-arguments>
        <java-task>
            <classpath>FileWatcher.jar</classpath>
            <impl-class>com.appdynamics.extensions.filewatcher.FileWatcherMonitor</impl-class>
        </java-task>
    </monitor-run-task>
</monitor>